closed_pct,direction,draw,feature,frame,gap,layer,method,n_features,rmse_to_target,scope
5.88381021174661,inject,,,0,0.5196904540061951,5,occ_features,6,0.48911285400390625,all
1.6509195650535768,inject,,,0,0.5196904540061951,5,color_features,6,0.511110782623291,all
1.7081167602692071,inject,0,,0,0.5196904540061951,5,random_same_norm,,0.5108135342597961,all
1.5203076422311446,inject,0,,0,0.5196904540061951,5,random_raw,,0.5117895603179932,all
0.6316579766001862,inject,1,,0,0.5196904540061951,5,random_same_norm,,0.5164077877998352,all
-0.5510634927862412,inject,1,,0,0.5196904540061951,5,random_raw,,0.5225542783737183,all
0.4083973786320083,inject,2,,0,0.5196904540061951,5,random_same_norm,,0.517568051815033,all
1.7438320331590096,inject,2,,0,0.5196904540061951,5,random_raw,,0.5106279253959656,all
1.712692994656817,inject,3,,0,0.5196904540061951,5,random_same_norm,,0.5107897520065308,all
2.5194750887118533,inject,3,,0,0.5196904540061951,5,random_raw,,0.5065969824790955,all
-0.08054860677748632,inject,4,,0,0.5196904540061951,5,random_same_norm,,0.5201090574264526,all
-0.018866931247174534,inject,4,,0,0.5196904540061951,5,random_raw,,0.5197885036468506,all
4.288166741006583,inject,,,0,0.5196904540061951,5,all_tc_features,,0.4974052608013153,all
7.642999582863041,inject,,,0,0.5196904540061951,5,mlp_swap_ceiling,,0.4799705147743225,all
85.67554194256446,inject,,,0,0.5196904540061951,5,full_token_swap_ceiling,,0.07444284111261368,all
3.895660020880931,inject,,,0,0.5196904540061951,5,occ_features,6,0.4994450807571411,bowl
1.7150212542575316,inject,,,0,0.5196904540061951,5,color_features,6,0.5107776522636414,bowl
0.0,inject,0,,0,0.5196904540061951,5,random_same_norm,,0.5196904540061951,bowl
0.0,inject,0,,0,0.5196904540061951,5,random_raw,,0.5196904540061951,bowl
3.071513468523024,inject,1,,0,0.5196904540061951,5,random_same_norm,,0.5037280917167664,bowl
0.27918470542183105,inject,1,,0,0.5196904540061951,5,random_raw,,0.5182395577430725,bowl
1.5207090663002298,inject,2,,0,0.5196904540061951,5,random_same_norm,,0.511787474155426,bowl
0.12346657439264996,inject,2,,0,0.5196904540061951,5,random_raw,,0.519048810005188,bowl
1.970246677384302,inject,3,,0,0.5196904540061951,5,random_same_norm,,0.5094512701034546,bowl
0.06027095665893656,inject,3,,0,0.5196904540061951,5,random_raw,,0.5193772315979004,bowl
0.14907743000053264,inject,4,,0,0.5196904540061951,5,random_same_norm,,0.5189157128334045,bowl
1.5736167586061556,inject,4,,0,0.5196904540061951,5,random_raw,,0.5115125179290771,bowl
4.528338761542516,inject,,,0,0.5196904540061951,5,all_tc_features,,0.49615710973739624,bowl
4.194669340686197,inject,,,0,0.5196904540061951,5,mlp_swap_ceiling,,0.4978911578655243,bowl
25.801526306064748,inject,,,0,0.5196904540061951,5,full_token_swap_ceiling,,0.3856023848056793,bowl
2.4330312827483214,inject,,,0,0.5196904540061951,5,occ_features,6,0.5070462226867676,nonbowl
0.9437709249464299,inject,,,0,0.5196904540061951,5,color_features,6,0.5147857666015625,nonbowl
1.7081167602692071,inject,0,,0,0.5196904540061951,5,random_same_norm,,0.5108135342597961,nonbowl
1.5203076422311446,inject,0,,0,0.5196904540061951,5,random_raw,,0.5117895603179932,nonbowl
-0.6283662992336625,inject,1,,0,0.5196904540061951,5,random_same_norm,,0.5229560136795044,nonbowl
0.15728941952818376,inject,1,,0,0.5196904540061951,5,random_raw,,0.5188730359077454,nonbowl
1.6356310426508536,inject,2,,0,0.5196904540061951,5,random_same_norm,,0.5111902356147766,nonbowl
1.7384758891514474,inject,2,,0,0.5196904540061951,5,random_raw,,0.5106557607650757,nonbowl
1.8001231569043985,inject,3,,0,0.5196904540061951,5,random_same_norm,,0.510335385799408,nonbowl
2.9081453416629155,inject,3,,0,0.5196904540061951,5,random_raw,,0.504577100276947,nonbowl
0.2558562323782043,inject,4,,0,0.5196904540061951,5,random_same_norm,,0.5183607935905457,nonbowl
-0.05179517417159829,inject,4,,0,0.5196904540061951,5,random_raw,,0.5199596285820007,nonbowl
2.4490538377345272,inject,,,0,0.5196904540061951,5,all_tc_features,,0.5069629549980164,nonbowl
5.868819890080912,inject,,,0,0.5196904540061951,5,mlp_swap_ceiling,,0.4891907572746277,nonbowl
57.89732180183438,inject,,,0,0.5196904540061951,5,full_token_swap_ceiling,,0.21880359947681427,nonbowl
3.151488612344666,inject,,318,0,0.5196904540061951,5,single_feature_318,,0.5033124685287476,all
0.24088884923073595,inject,,177,0,0.5196904540061951,5,single_feature_177,,0.5184385776519775,all
3.117057896475939,inject,,505,0,0.5196904540061951,5,single_feature_505,,0.5034914016723633,all
0.6333668962085981,inject,,270,0,0.5196904540061951,5,single_feature_270,,0.5163989067077637,all
0.49885542528643745,inject,,32,0,0.5196904540061951,5,single_feature_32,,0.5170979499816895,all
3.09118324790838,inject,,124,0,0.5196904540061951,5,single_feature_124,,0.5036258697509766,all
4.491436420334127,remove,,,0,0.5196904540061951,5,occ_features,,0.49634888768196106,all
0.07586914905781672,remove,,,0,0.5196904540061951,5,color_features,,0.5192961692810059,all
5.329489449371194,remove,,,0,0.5196904540061951,5,mlp_swap_ceiling,,0.49199360609054565,all
0.3124455568606299,inject,,,0,0.5196904540061951,0,occ_features,4,0.5180667042732239,all
1.6170508428815844,inject,,,0,0.5196904540061951,0,color_features,4,0.5112867951393127,all
1.4337491436764438,inject,0,,0,0.5196904540061951,0,random_same_norm,,0.512239396572113,all
0.3060686487916686,inject,0,,0,0.5196904540061951,0,random_raw,,0.518099844455719,all
0.1334104220469423,inject,1,,0,0.5196904540061951,0,random_same_norm,,0.5189971327781677,all
0.07245130984100401,inject,1,,0,0.5196904540061951,0,random_raw,,0.5193139314651489,all
0.11080451232767796,inject,2,,0,0.5196904540061951,0,random_same_norm,,0.51911461353302,all
1.6494400306275137,inject,2,,0,0.5196904540061951,0,random_raw,,0.511118471622467,all
0.040004775799495906,inject,3,,0,0.5196904540061951,0,random_same_norm,,0.5194825530052185,all
-0.15250673847646556,inject,3,,0,0.5196904540061951,0,random_raw,,0.5204830169677734,all
2.6198081674658646,inject,4,,0,0.5196904540061951,0,random_same_norm,,0.5060755610466003,all
1.9767497473035522,inject,4,,0,0.5196904540061951,0,random_raw,,0.5094174742698669,all
6.090543607327437,inject,,,0,0.5196904540061951,0,all_tc_features,,0.48803848028182983,all
6.48194927857787,inject,,,0,0.5196904540061951,0,mlp_swap_ceiling,,0.48600438237190247,all
94.07845771783076,inject,,,0,0.5196904540061951,0,full_token_swap_ceiling,,0.030773689970374107,all
2.2704660040263946,inject,,,0,0.5196904540061951,0,occ_features,4,0.507891058921814,bowl
0.13750494755164766,inject,,,0,0.5196904540061951,0,color_features,4,0.5189758539199829,bowl
1.6330733978678014,inject,0,,0,0.5196904540061951,0,random_same_norm,,0.5112035274505615,bowl
1.3644404108334451,inject,0,,0,0.5196904540061951,0,random_raw,,0.5125995874404907,bowl
0.10550571461570568,inject,1,,0,0.5196904540061951,0,random_same_norm,,0.5191421508789062,bowl
0.363781960667553,inject,1,,0,0.5196904540061951,0,random_raw,,0.5177999138832092,bowl
1.7712550317073417,inject,2,,0,0.5196904540061951,0,random_same_norm,,0.5104854106903076,bowl
1.4338982440449621,inject,2,,0,0.5196904540061951,0,random_raw,,0.512238621711731,bowl
0.0,inject,3,,0,0.5196904540061951,0,random_same_norm,,0.5196904540061951,bowl
0.0,inject,3,,0,0.5196904540061951,0,random_raw,,0.5196904540061951,bowl
1.491531271107016,inject,4,,0,0.5196904540061951,0,random_same_norm,,0.5119391083717346,bowl
0.1936010938920596,inject,4,,0,0.5196904540061951,0,random_raw,,0.5186843276023865,bowl
3.790871134960039,inject,,,0,0.5196904540061951,0,all_tc_features,,0.49998965859413147,bowl
4.020858453400233,inject,,,0,0.5196904540061951,0,mlp_swap_ceiling,,0.49879443645477295,bowl
27.483802825543734,inject,,,0,0.5196904540061951,0,full_token_swap_ceiling,,0.37685975432395935,bowl
-0.12858186395876547,inject,,,0,0.5196904540061951,0,occ_features,4,0.520358681678772,nonbowl
1.6586154379209739,inject,,,0,0.5196904540061951,0,color_features,4,0.5110707879066467,nonbowl
1.3166365388345147,inject,0,,0,0.5196904540061951,0,random_same_norm,,0.5128480195999146,nonbowl
1.1010603444746137,inject,0,,0,0.5196904540061951,0,random_raw,,0.5139683485031128,nonbowl
1.7394278376581473,inject,1,,0,0.5196904540061951,0,random_same_norm,,0.5106508135795593,nonbowl
1.4484183260868644,inject,1,,0,0.5196904540061951,0,random_raw,,0.5121631622314453,nonbowl
1.5393236738468485,inject,2,,0,0.5196904540061951,0,random_same_norm,,0.5116907358169556,nonbowl
0.007053594356853932,inject,2,,0,0.5196904540061951,0,random_raw,,0.5196537971496582,nonbowl
0.040004775799495906,inject,3,,0,0.5196904540061951,0,random_same_norm,,0.5194825530052185,nonbowl
-0.15250673847646556,inject,3,,0,0.5196904540061951,0,random_raw,,0.5204830169677734,nonbowl
3.322839343550077,inject,4,,0,0.5196904540061951,0,random_same_norm,,0.5024219751358032,nonbowl
3.2548266369872847,inject,4,,0,0.5196904540061951,0,random_raw,,0.5027754306793213,nonbowl
2.0486620019660617,inject,,,0,0.5196904540061951,0,all_tc_features,,0.5090437531471252,nonbowl
1.6449784888310615,inject,,,0,0.5196904540061951,0,mlp_swap_ceiling,,0.5111416578292847,nonbowl
34.97553434991494,inject,,,0,0.5196904540061951,0,full_token_swap_ceiling,,0.3379259407520294,nonbowl
0.7186981840377915,inject,,274,0,0.5196904540061951,0,single_feature_274,,0.5159554481506348,all
-0.2883601127152913,inject,,396,0,0.5196904540061951,0,single_feature_396,,0.5211890339851379,all
1.7153538627719178,inject,,415,0,0.5196904540061951,0,single_feature_415,,0.5107759237289429,all
1.767974823599927,inject,,269,0,0.5196904540061951,0,single_feature_269,,0.5105024576187134,all
0.7656418616029725,remove,,,0,0.5196904540061951,0,occ_features,,0.5157114863395691,all
0.18155837181939027,remove,,,0,0.5196904540061951,0,color_features,,0.5187469124794006,all
6.681032678327769,remove,,,0,0.5196904540061951,0,mlp_swap_ceiling,,0.48496976494789124,all
2.6252560655463553,inject,,,0,0.5196904540061951,4,occ_features,8,0.506047248840332,all
0.7714911837525595,inject,,,0,0.5196904540061951,4,color_features,8,0.5156810879707336,all
0.3161615968144793,inject,0,,0,0.5196904540061951,4,random_same_norm,,0.5180473923683167,all
0.7908168853644093,inject,0,,0,0.5196904540061951,4,random_raw,,0.5155806541442871,all
2.0825651319154037,inject,1,,0,0.5196904540061951,4,random_same_norm,,0.5088675618171692,all
0.758989691315215,inject,1,,0,0.5196904540061951,4,random_raw,,0.5157460570335388,all
0.20492125264036654,inject,2,,0,0.5196904540061951,4,random_same_norm,,0.5186254978179932,all
1.5838702762566048,inject,2,,0,0.5196904540061951,4,random_raw,,0.511459231376648,all
0.12548516399721876,inject,3,,0,0.5196904540061951,4,random_same_norm,,0.5190383195877075,all
0.39260420882814007,inject,3,,0,0.5196904540061951,4,random_raw,,0.5176501274108887,all
1.4893291733565905,inject,4,,0,0.5196904540061951,4,random_same_norm,,0.5119505524635315,all
0.284460564615574,inject,4,,0,0.5196904540061951,4,random_raw,,0.5182121396064758,all
5.831842998688264,inject,,,0,0.5196904540061951,4,all_tc_features,,0.48938292264938354,all
8.181573052471059,inject,,,0,0.5196904540061951,4,mlp_swap_ceiling,,0.4771715998649597,all
87.11611099444325,inject,,,0,0.5196904540061951,4,full_token_swap_ceiling,,0.06695634126663208,all
1.7424213142876344,inject,,,0,0.5196904540061951,4,occ_features,8,0.510635256767273,bowl
1.6781361169378117,inject,,,0,0.5196904540061951,4,color_features,8,0.510969340801239,bowl
0.0,inject,0,,0,0.5196904540061951,4,random_same_norm,,0.5196904540061951,bowl
0.0,inject,0,,0,0.5196904540061951,4,random_raw,,0.5196904540061951,bowl
2.602535463235922,inject,1,,0,0.5196904540061951,4,random_same_norm,,0.5061653256416321,bowl
1.9827481698216465,inject,1,,0,0.5196904540061951,4,random_raw,,0.5093863010406494,bowl
0.0,inject,2,,0,0.5196904540061951,4,random_same_norm,,0.5196904540061951,bowl
0.0,inject,2,,0,0.5196904540061951,4,random_raw,,0.5196904540061951,bowl
0.12408591438496375,inject,3,,0,0.5196904540061951,4,random_same_norm,,0.5190455913543701,bowl
0.6769730193707746,inject,3,,0,0.5196904540061951,4,random_raw,,0.5161722898483276,bowl
1.4085855891741161,inject,4,,0,0.5196904540061951,4,random_same_norm,,0.5123701691627502,bowl
0.10464552018193407,inject,4,,0,0.5196904540061951,4,random_raw,,0.5191466212272644,bowl
5.092488678981056,inject,,,0,0.5196904540061951,4,all_tc_features,,0.4932252764701843,bowl
6.220799983117253,inject,,,0,0.5196904540061951,4,mlp_swap_ceiling,,0.4873615503311157,bowl
29.843488196239942,inject,,,0,0.5196904540061951,4,full_token_swap_ceiling,,0.3645966947078705,bowl
-0.8301449748760126,inject,,,0,0.5196904540061951,4,occ_features,8,0.5240046381950378,nonbowl
1.2007855524954314,inject,,,0,0.5196904540061951,4,color_features,8,0.5134500861167908,nonbowl
0.3161615968144793,inject,0,,0,0.5196904540061951,4,random_same_norm,,0.5180473923683167,nonbowl
0.7908168853644093,inject,0,,0,0.5196904540061951,4,random_raw,,0.5155806541442871,nonbowl
0.6098090379826338,inject,1,,0,0.5196904540061951,4,random_same_norm,,0.5165213346481323,nonbowl
0.3984994080141857,inject,1,,0,0.5196904540061951,4,random_raw,,0.5176194906234741,nonbowl
0.20492125264036654,inject,2,,0,0.5196904540061951,4,random_same_norm,,0.5186254978179932,nonbowl
1.5838702762566048,inject,2,,0,0.5196904540061951,4,random_raw,,0.511459231376648,nonbowl
1.4893062348383612,inject,3,,0,0.5196904540061951,4,random_same_norm,,0.511950671672821,nonbowl
1.4492097049659258,inject,3,,0,0.5196904540061951,4,random_raw,,0.5121590495109558,nonbowl
-0.02682659707426982,inject,4,,0,0.5196904540061951,4,random_same_norm,,0.5198298692703247,nonbowl
0.27771664025487697,inject,4,,0,0.5196904540061951,4,random_raw,,0.5182471871376038,nonbowl
4.853291545470051,inject,,,0,0.5196904540061951,4,all_tc_features,,0.4944683611392975,nonbowl
5.328824232342411,inject,,,0,0.5196904540061951,4,mlp_swap_ceiling,,0.4919970631599426,nonbowl
58.638396510409095,inject,,,0,0.5196904540061951,4,full_token_swap_ceiling,,0.21495230495929718,nonbowl
0.6308551284620156,inject,,112,0,0.5196904540061951,4,single_feature_112,,0.5164119601249695,all
0.2065728259531885,inject,,317,0,0.5196904540061951,4,single_feature_317,,0.5186169147491455,all
0.7744043755682273,inject,,397,0,0.5196904540061951,4,single_feature_397,,0.5156659483909607,all
1.1066344044053933,inject,,59,0,0.5196904540061951,4,single_feature_59,,0.513939380645752,all
1.8213068784931785,inject,,158,0,0.5196904540061951,4,single_feature_158,,0.5102252960205078,all
0.11611477929877045,inject,,333,0,0.5196904540061951,4,single_feature_333,,0.519087016582489,all
1.4873679300476117,inject,,359,0,0.5196904540061951,4,single_feature_359,,0.5119607448577881,all
1.5864164517805368,inject,,150,0,0.5196904540061951,4,single_feature_150,,0.5114459991455078,all
4.35113297355797,remove,,,0,0.5196904540061951,4,occ_features,,0.4970780313014984,all
-0.12729730693767927,remove,,,0,0.5196904540061951,4,color_features,,0.5203520059585571,all
9.435329378197554,remove,,,0,0.5196904540061951,4,mlp_swap_ceiling,,0.4706559479236603,all
5.716657229377953,inject,,,0,0.5196904540061951,-1,occ_features_all_top_layers,,0.4899815320968628,all
8.625312953071573,inject,,,0,0.5196904540061951,-2,occ_features,72,0.47486552596092224,all
76.57921232339778,inject,,,0,0.5196904540061951,-2,mlp_swap_ceiling,,0.12171559780836105,all
7.495481972102402,inject,,,0,0.5196904540061951,-2,occ_features,72,0.4807371497154236,bowl
27.613485738377708,inject,,,0,0.5196904540061951,-2,mlp_swap_ceiling,,0.376185804605484,bowl
1.0394130767216625,inject,,,0,0.5196904540061951,-2,occ_features,72,0.5142887234687805,nonbowl
42.158392991640405,inject,,,0,0.5196904540061951,-2,mlp_swap_ceiling,,0.30059731006622314,nonbowl
2.7886356616655728,inject,,,0,0.5196904540061951,-2,color_features,72,0.5051981806755066,all
-0.11445173672681719,inject,0,,0,0.5196904540061951,-2,random_same_norm,,0.5202852487564087,all
-0.7585538594687691,inject,0,,0,0.5196904540061951,-2,random_raw,,0.5236325860023499,all
-0.2044739515348004,inject,1,,0,0.5196904540061951,-2,random_same_norm,,0.5207530856132507,all
0.6017576180826212,inject,1,,0,0.5196904540061951,-2,random_raw,,0.5165631771087646,all
2.0540525537509735,inject,2,,0,0.5196904540061951,-2,random_same_norm,,0.5090157389640808,all
2.4715450548626228,inject,2,,0,0.5196904540061951,-2,random_raw,,0.5068460702896118,all
2.131298013902805,inject,3,,0,0.5196904540061951,-2,random_same_norm,,0.5086143016815186,all
3.787126421858389,inject,3,,0,0.5196904540061951,-2,random_raw,,0.5000091195106506,all
3.910856789210726,inject,4,,0,0.5196904540061951,-2,random_same_norm,,0.4993661046028137,all
0.2869149860665665,inject,4,,0,0.5196904540061951,-2,random_raw,,0.5181993842124939,all
32.24924558080844,inject,,,0,0.5196904540061951,-2,all_tc_features,,0.35209420323371887,all
13.175437572306514,remove,,,0,0.5196904540061951,-2,occ_features,,0.45121896266937256,all
1.1877564741387125,remove,,,0,0.5196904540061951,-2,color_features,,0.5135177969932556,all
66.20317861341016,remove,,,0,0.5196904540061951,-2,mlp_swap_ceiling,,0.1756388545036316,all
0.6668775117537273,inject,,,1,0.5158223509788513,5,occ_features,6,0.512382447719574,all
0.05959050679432698,inject,,,1,0.5158223509788513,5,color_features,6,0.5155149698257446,all
0.02283320562838087,inject,0,,1,0.5158223509788513,5,random_same_norm,,0.5157045722007751,all
0.13935650803559296,inject,0,,1,0.5158223509788513,5,random_raw,,0.5151035189628601,all
-0.02744375676488886,inject,1,,1,0.5158223509788513,5,random_same_norm,,0.5159639120101929,all
0.09411764162104985,inject,1,,1,0.5158223509788513,5,random_raw,,0.5153368711471558,all
0.018904415186249413,inject,2,,1,0.5158223509788513,5,random_same_norm,,0.5157248377799988,all
-0.14938647892903667,inject,2,,1,0.5158223509788513,5,random_raw,,0.5165929198265076,all
0.04007366250973199,inject,3,,1,0.5158223509788513,5,random_same_norm,,0.5156156420707703,all
0.259508163968758,inject,3,,1,0.5158223509788513,5,random_raw,,0.5144837498664856,all
0.18189144220466247,inject,4,,1,0.5158223509788513,5,random_same_norm,,0.5148841142654419,all
0.13390242248063622,inject,4,,1,0.5158223509788513,5,random_raw,,0.5151316523551941,all
2.750638630664004,inject,,,1,0.5158223509788513,5,all_tc_features,,0.5016339421272278,all
2.5421238555809023,inject,,,1,0.5158223509788513,5,mlp_swap_ceiling,,0.5027095079421997,all
45.37101243658614,inject,,,1,0.5158223509788513,5,full_token_swap_ceiling,,0.28178852796554565,all
0.24557251316520423,inject,,,1,0.5158223509788513,5,occ_features,6,0.5145556330680847,bowl
0.09617447897016795,inject,,,1,0.5158223509788513,5,color_features,6,0.5153262615203857,bowl
0.06921604337754017,inject,0,,1,0.5158223509788513,5,random_same_norm,,0.5154653191566467,bowl
0.08701115302719442,inject,0,,1,0.5158223509788513,5,random_raw,,0.5153735280036926,bowl
-0.0746585736664862,inject,1,,1,0.5158223509788513,5,random_same_norm,,0.5162074565887451,bowl
-0.022578989776245173,inject,1,,1,0.5158223509788513,5,random_raw,,0.5159388184547424,bowl
0.0576838879032926,inject,2,,1,0.5158223509788513,5,random_same_norm,,0.5155248045921326,bowl
0.079662003847214,inject,2,,1,0.5158223509788513,5,random_raw,,0.5154114365577698,bowl
0.0579496590214279,inject,3,,1,0.5158223509788513,5,random_same_norm,,0.5155234336853027,bowl
0.1675282465588679,inject,3,,1,0.5158223509788513,5,random_raw,,0.5149582028388977,bowl
0.07736250591195981,inject,4,,1,0.5158223509788513,5,random_same_norm,,0.5154232978820801,bowl
0.012780124202926846,inject,4,,1,0.5158223509788513,5,random_raw,,0.5157564282417297,bowl
0.6264225254657863,inject,,,1,0.5158223509788513,5,all_tc_features,,0.5125911235809326,bowl
0.5813800985733475,inject,,,1,0.5158223509788513,5,mlp_swap_ceiling,,0.5128234624862671,bowl
6.4625656180224205,inject,,,1,0.5158223509788513,5,full_token_swap_ceiling,,0.4824869930744171,bowl
0.3430180713960618,inject,,,1,0.5158223509788513,5,occ_features,6,0.5140529870986938,nonbowl
0.09283500709436066,inject,,,1,0.5158223509788513,5,color_features,6,0.5153434872627258,nonbowl
-0.0029119270335886682,inject,0,,1,0.5158223509788513,5,random_same_norm,,0.5158373713493347,nonbowl
0.21454662393837198,inject,0,,1,0.5158223509788513,5,random_raw,,0.5147156715393066,nonbowl
0.06901960385543582,inject,1,,1,0.5158223509788513,5,random_same_norm,,0.5154663324356079,nonbowl
0.2374260506307846,inject,1,,1,0.5158223509788513,5,random_raw,,0.5145976543426514,nonbowl
-0.0006817606943654297,inject,2,,1,0.5158223509788513,5,random_same_norm,,0.5158258676528931,nonbowl
-0.017748888585633615,inject,2,,1,0.5158223509788513,5,random_raw,,0.5159139037132263,nonbowl
0.05612392699244628,inject,3,,1,0.5158223509788513,5,random_same_norm,,0.5155328512191772,nonbowl
0.1044596046966606,inject,3,,1,0.5158223509788513,5,random_raw,,0.5152835249900818,nonbowl
0.059521175198284926,inject,4,,1,0.5158223509788513,5,random_same_norm,,0.5155153274536133,nonbowl
0.12289025397665965,inject,4,,1,0.5158223509788513,5,random_raw,,0.515188455581665,nonbowl
1.9510488888282884,inject,,,1,0.5158223509788513,5,all_tc_features,,0.5057584047317505,nonbowl
1.642615728588992,inject,,,1,0.5158223509788513,5,mlp_swap_ceiling,,0.5073493719100952,nonbowl
21.497255104336542,inject,,,1,0.5158223509788513,5,full_token_swap_ceiling,,0.40493470430374146,nonbowl
0.10858483466089641,inject,,318,1,0.5158223509788513,5,single_feature_318,,0.515262246131897,all
-0.03972700452954392,inject,,177,1,0.5158223509788513,5,single_feature_177,,0.5160272717475891,all
0.48383054294843797,inject,,505,1,0.5158223509788513,5,single_feature_505,,0.5133266448974609,all
0.24972085366145036,inject,,270,1,0.5158223509788513,5,single_feature_270,,0.5145342350006104,all
-0.038663920056980494,inject,,32,1,0.5158223509788513,5,single_feature_32,,0.5160217881202698,all
0.057117679868978755,inject,,124,1,0.5158223509788513,5,single_feature_124,,0.5155277252197266,all
28.896687024349145,remove,,,1,0.5158223509788513,5,occ_features,,0.3667667806148529,all
-4.8444297204677245,remove,,,1,0.5158223509788513,5,color_features,,0.5408110022544861,all
43.09976134909117,remove,,,1,0.5158223509788513,5,mlp_swap_ceiling,,0.29350414872169495,all
0.13446863051493896,inject,,,1,0.5158223509788513,0,occ_features,4,0.5151287317276001,all
-0.02150435003767104,inject,,,1,0.5158223509788513,0,color_features,4,0.5159332752227783,all
0.10769507917841592,inject,0,,1,0.5158223509788513,0,random_same_norm,,0.5152668356895447,all
0.07403458930216322,inject,0,,1,0.5158223509788513,0,random_raw,,0.5154404640197754,all
0.17637958031967438,inject,1,,1,0.5158223509788513,0,random_same_norm,,0.5149125456809998,all
0.14167911650284637,inject,1,,1,0.5158223509788513,0,random_raw,,0.5150915384292603,all
0.24016464867426812,inject,2,,1,0.5158223509788513,0,random_same_norm,,0.5145835280418396,all
0.1567356281090171,inject,2,,1,0.5158223509788513,0,random_raw,,0.5150138735771179,all
0.04809301711808933,inject,3,,1,0.5158223509788513,0,random_same_norm,,0.5155742764472961,all
0.10331563336204441,inject,3,,1,0.5158223509788513,0,random_raw,,0.5152894258499146,all
0.2122586812691285,inject,4,,1,0.5158223509788513,0,random_same_norm,,0.5147274732589722,all
0.2912851454859977,inject,4,,1,0.5158223509788513,0,random_raw,,0.5143198370933533,all
2.0639669482415357,inject,,,1,0.5158223509788513,0,all_tc_features,,0.5051759481430054,all
3.295908522967772,inject,,,1,0.5158223509788513,0,mlp_swap_ceiling,,0.49882131814956665,all
39.038484004565255,inject,,,1,0.5158223509788513,0,full_token_swap_ceiling,,0.314453125,all
0.39797491652187045,inject,,,1,0.5158223509788513,0,occ_features,4,0.5137695074081421,bowl
0.07294839429756728,inject,,,1,0.5158223509788513,0,color_features,4,0.5154460668563843,bowl
0.0,inject,0,,1,0.5158223509788513,0,random_same_norm,,0.5158223509788513,bowl
0.12083341662754155,inject,0,,1,0.5158223509788513,0,random_raw,,0.5151990652084351,bowl
0.061728231005486744,inject,1,,1,0.5158223509788513,0,random_same_norm,,0.5155039429664612,bowl
0.12041742705131142,inject,1,,1,0.5158223509788513,0,random_raw,,0.515201210975647,bowl
0.0,inject,2,,1,0.5158223509788513,0,random_same_norm,,0.5158223509788513,bowl
0.2712020931671,inject,2,,1,0.5158223509788513,0,random_raw,,0.5144234299659729,bowl
0.18967969149288333,inject,3,,1,0.5158223509788513,0,random_same_norm,,0.5148439407348633,bowl
-0.03663019323987271,inject,3,,1,0.5158223509788513,0,random_raw,,0.5160112977027893,bowl
0.16268659010224562,inject,4,,1,0.5158223509788513,0,random_same_norm,,0.5149831771850586,bowl
0.1319380272595705,inject,4,,1,0.5158223509788513,0,random_raw,,0.5151417851448059,bowl
0.5814609854354003,inject,,,1,0.5158223509788513,0,all_tc_features,,0.5128230452537537,bowl
0.6109269137513751,inject,,,1,0.5158223509788513,0,mlp_swap_ceiling,,0.5126710534095764,bowl
9.643805458776988,inject,,,1,0.5158223509788513,0,full_token_swap_ceiling,,0.46607744693756104,bowl
-0.07588343186315516,inject,,,1,0.5158223509788513,0,occ_features,4,0.5162137746810913,nonbowl
-0.023676740046840727,inject,,,1,0.5158223509788513,0,color_features,4,0.5159444808959961,nonbowl
0.10769507917841592,inject,0,,1,0.5158223509788513,0,random_same_norm,,0.5152668356895447,nonbowl
0.15937022875844864,inject,0,,1,0.5158223509788513,0,random_raw,,0.5150002837181091,nonbowl
0.14501858837866477,inject,1,,1,0.5158223509788513,0,random_same_norm,,0.5150743126869202,nonbowl
0.07930379060101522,inject,1,,1,0.5158223509788513,0,random_raw,,0.5154132843017578,nonbowl
0.24016464867426812,inject,2,,1,0.5158223509788513,0,random_same_norm,,0.5145835280418396,nonbowl
0.08568229743647349,inject,2,,1,0.5158223509788513,0,random_raw,,0.5153803825378418,nonbowl
-0.10682843422795685,inject,3,,1,0.5158223509788513,0,random_same_norm,,0.5163733959197998,nonbowl
0.13729967068647486,inject,3,,1,0.5158223509788513,0,random_raw,,0.5151141285896301,nonbowl
0.25923083758461196,inject,4,,1,0.5158223509788513,0,random_same_norm,,0.5144851803779602,nonbowl
0.20195138399153878,inject,4,,1,0.5158223509788513,0,random_raw,,0.5147806406021118,nonbowl
1.4478517200533392,inject,,,1,0.5158223509788513,0,all_tc_features,,0.5083540081977844,nonbowl
2.182916856510053,inject,,,1,0.5158223509788513,0,mlp_swap_ceiling,,0.5045623779296875,nonbowl
17.214399756507436,inject,,,1,0.5158223509788513,0,full_token_swap_ceiling,,0.427026629447937,nonbowl
0.10783374237048893,inject,,274,1,0.5158223509788513,0,single_feature_274,,0.5152661204338074,all
-0.22210376790647857,inject,,396,1,0.5158223509788513,0,single_feature_396,,0.5169680118560791,all
0.1873339724936085,inject,,415,1,0.5158223509788513,0,single_feature_415,,0.5148560404777527,all
0.033128947639970985,inject,,269,1,0.5158223509788513,0,single_feature_269,,0.5156514644622803,all
35.986489814090795,remove,,,1,0.5158223509788513,0,occ_features,,0.33019599318504333,all
18.63318998255501,remove,,,1,0.5158223509788513,0,color_features,,0.4197081923484802,all
40.4426510414819,remove,,,1,0.5158223509788513,0,mlp_swap_ceiling,,0.30721011757850647,all
0.4431097855423505,inject,,,1,0.5158223509788513,4,occ_features,8,0.5135366916656494,all
0.1450532541766747,inject,,,1,0.5158223509788513,4,color_features,8,0.5150741338729858,all
0.1084346162028127,inject,0,,1,0.5158223509788513,4,random_same_norm,,0.515263020992279,all
0.10615822879957992,inject,0,,1,0.5158223509788513,4,random_raw,,0.5152747631072998,all
-0.1452959147628219,inject,1,,1,0.5158223509788513,4,random_same_norm,,0.5165718197822571,all
0.49870217029850394,inject,1,,1,0.5158223509788513,4,random_raw,,0.513249933719635,all
0.04235004991297586,inject,2,,1,0.5158223509788513,4,random_same_norm,,0.5156038999557495,all
0.06273353914802993,inject,2,,1,0.5158223509788513,4,random_raw,,0.5154987573623657,all
-0.1807821366680562,inject,3,,1,0.5158223509788513,4,random_same_norm,,0.5167548656463623,all
-9.244212804127017e-05,inject,3,,1,0.5158223509788513,4,random_raw,,0.5158228278160095,all
0.2236868393493352,inject,4,,1,0.5158223509788513,4,random_same_norm,,0.5146685242652893,all
0.04797746445802664,inject,4,,1,0.5158223509788513,4,random_raw,,0.5155748724937439,all
3.1548880566272697,inject,,,1,0.5158223509788513,4,all_tc_features,,0.4995487332344055,all
6.009483637916668,inject,,,1,0.5158223509788513,4,mlp_swap_ceiling,,0.4848240911960602,all
85.2254686613675,inject,,,1,0.5158223509788513,4,full_token_swap_ceiling,,0.07621033489704132,all
0.0968677949305441,inject,,,1,0.5158223509788513,4,occ_features,8,0.5153226852416992,bowl
0.05427508443144324,inject,,,1,0.5158223509788513,4,color_features,8,0.5155423879623413,bowl
0.0,inject,0,,1,0.5158223509788513,4,random_same_norm,,0.5158223509788513,bowl
0.0,inject,0,,1,0.5158223509788513,4,random_raw,,0.5158223509788513,bowl
-0.10220632782544925,inject,1,,1,0.5158223509788513,4,random_same_norm,,0.5163495540618896,bowl
0.19818436727350175,inject,1,,1,0.5158223509788513,4,random_raw,,0.5148000717163086,bowl
0.14652077295947974,inject,2,,1,0.5158223509788513,4,random_same_norm,,0.5150665640830994,bowl
0.1586653575320618,inject,2,,1,0.5158223509788513,4,random_raw,,0.5150039196014404,bowl
0.06071136759693285,inject,3,,1,0.5158223509788513,4,random_same_norm,,0.5155091881752014,bowl
0.08738092153939281,inject,3,,1,0.5158223509788513,4,random_raw,,0.5153716206550598,bowl
0.21614125064723932,inject,4,,1,0.5158223509788513,4,random_same_norm,,0.5147074460983276,bowl
0.0727288442434526,inject,4,,1,0.5158223509788513,4,random_raw,,0.515447199344635,bowl
0.4507247058404773,inject,,,1,0.5158223509788513,4,all_tc_features,,0.5134974122047424,bowl
0.6288722418591131,inject,,,1,0.5158223509788513,4,mlp_swap_ceiling,,0.5125784873962402,bowl
6.531169232301637,inject,,,1,0.5158223509788513,4,full_token_swap_ceiling,,0.4821331202983856,bowl
0.3732350920024552,inject,,,1,0.5158223509788513,4,occ_features,8,0.5138971209526062,nonbowl
0.06086158605501657,inject,,,1,0.5158223509788513,4,color_features,8,0.5155084133148193,nonbowl
0.1084346162028127,inject,0,,1,0.5158223509788513,4,random_same_norm,,0.515263020992279,nonbowl
0.10615822879957992,inject,0,,1,0.5158223509788513,4,random_raw,,0.5152747631072998,nonbowl
-0.05920918301611788,inject,1,,1,0.5158223509788513,4,random_same_norm,,0.5161277651786804,nonbowl
0.6600599048100286,inject,1,,1,0.5158223509788513,4,random_raw,,0.5124176144599915,nonbowl
0.06726320342248515,inject,2,,1,0.5158223509788513,4,random_same_norm,,0.5154753923416138,nonbowl
-0.0431704737994254,inject,2,,1,0.5158223509788513,4,random_raw,,0.5160450339317322,nonbowl
-0.2799609847998541,inject,3,,1,0.5158223509788513,4,random_same_norm,,0.5172664523124695,nonbowl
0.03452713482672287,inject,3,,1,0.5158223509788513,4,random_raw,,0.5156442523002625,nonbowl
0.0031661428857132634,inject,4,,1,0.5158223509788513,4,random_same_norm,,0.5158060193061829,nonbowl
0.12940742400419092,inject,4,,1,0.5158223509788513,4,random_raw,,0.5151548385620117,nonbowl
2.8002569428949187,inject,,,1,0.5158223509788513,4,all_tc_features,,0.5013779997825623,nonbowl
5.166255434008282,inject,,,1,0.5158223509788513,4,mlp_swap_ceiling,,0.48917365074157715,nonbowl
22.250132683341917,inject,,,1,0.5158223509788513,4,full_token_swap_ceiling,,0.40105119347572327,nonbowl
0.1250164229218087,inject,,112,1,0.5158223509788513,4,single_feature_112,,0.5151774883270264,all
0.3072314125746489,inject,,317,1,0.5158223509788513,4,single_feature_317,,0.5142375826835632,all
0.09050084336108544,inject,,397,1,0.5158223509788513,4,single_feature_397,,0.5153555274009705,all
0.08806268223376934,inject,,59,1,0.5158223509788513,4,single_feature_59,,0.5153681039810181,all
0.21961938571513073,inject,,158,1,0.5158223509788513,4,single_feature_158,,0.5146895051002502,all
0.031384102473019926,inject,,333,1,0.5158223509788513,4,single_feature_333,,0.5156604647636414,all
0.03592532201348586,inject,,359,1,0.5158223509788513,4,single_feature_359,,0.5156370401382446,all
0.048636114620381754,inject,,150,1,0.5158223509788513,4,single_feature_150,,0.5155714750289917,all
-11.529855976320015,remove,,,1,0.5158223509788513,4,occ_features,,0.5752959251403809,all
-4.161178396783116,remove,,,1,0.5158223509788513,4,color_features,,0.537286639213562,all
46.10367407771355,remove,,,1,0.5158223509788513,4,mlp_swap_ceiling,,0.278009295463562,all
1.3387584536881714,inject,,,1,0.5158223509788513,-1,occ_features_all_top_layers,,0.5089167356491089,all
1.451872952623523,inject,,,1,0.5158223509788513,-2,occ_features,72,0.5083332657814026,all
30.215472200745474,inject,,,1,0.5158223509788513,-2,mlp_swap_ceiling,,0.35996419191360474,all
0.8851102655481058,inject,,,1,0.5158223509788513,-2,occ_features,72,0.511256754398346,bowl
5.667135771948972,inject,,,1,0.5158223509788513,-2,mlp_swap_ceiling,,0.4865899980068207,bowl
0.8745025313543486,inject,,,1,0.5158223509788513,-2,occ_features,72,0.5113114714622498,nonbowl
23.308427498158956,inject,,,1,0.5158223509788513,-2,mlp_swap_ceiling,,0.39559227228164673,nonbowl
-0.036664859037882636,inject,,,1,0.5158223509788513,-2,color_features,72,0.5160114765167236,all
0.3143725669665254,inject,0,,1,0.5158223509788513,-2,random_same_norm,,0.514200747013092,all
0.21114937573253334,inject,0,,1,0.5158223509788513,-2,random_raw,,0.5147331953048706,all
-0.1397840528778227,inject,1,,1,0.5158223509788513,-2,random_same_norm,,0.5165433883666992,all
0.8206896575631561,inject,1,,1,0.5158223509788513,-2,random_raw,,0.5115890502929688,all
0.5418726440979182,inject,2,,1,0.5158223509788513,-2,random_same_norm,,0.5130272507667542,all
0.21886829342472325,inject,2,,1,0.5158223509788513,-2,random_raw,,0.5146933794021606,all
-0.3094846894458714,inject,3,,1,0.5158223509788513,-2,random_same_norm,,0.5174187421798706,all
0.4819585898554246,inject,3,,1,0.5158223509788513,-2,random_raw,,0.5133363008499146,all
0.872954125709513,inject,4,,1,0.5158223509788513,-2,random_same_norm,,0.5113194584846497,all
0.4109861460449227,inject,4,,1,0.5158223509788513,-2,random_raw,,0.513702392578125,all
16.004210970038002,inject,,,1,0.5158223509788513,-2,all_tc_features,,0.43326905369758606,all
-3.8772192899450886,remove,,,1,0.5158223509788513,-2,occ_features,,0.5358219146728516,all
10.455135350875079,remove,,,1,0.5158223509788513,-2,color_features,,0.46189242601394653,all
88.71658607061215,remove,,,1,0.5158223509788513,-2,mlp_swap_ceiling,,0.05820237100124359,all
-0.046246837913810346,inject,,,2,0.6664577126502991,5,occ_features,6,0.6667659282684326,all
0.07805886701059972,inject,,,2,0.6664577126502991,5,color_features,6,0.6659374833106995,all
-0.11292062956873572,inject,0,,2,0.6664577126502991,5,random_same_norm,,0.6672102808952332,all
0.008863008387660631,inject,0,,2,0.6664577126502991,5,random_raw,,0.6663986444473267,all
-0.09098222434680281,inject,1,,2,0.6664577126502991,5,random_same_norm,,0.6670640707015991,all
0.04882256588117917,inject,1,,2,0.6664577126502991,5,random_raw,,0.6661323308944702,all
-0.030667261111294586,inject,2,,2,0.6664577126502991,5,random_same_norm,,0.6666620969772339,all
0.10450479617539754,inject,2,,2,0.6664577126502991,5,random_raw,,0.6657612323760986,all
-0.08913986337015789,inject,3,,2,0.6664577126502991,5,random_same_norm,,0.6670517921447754,all
0.10551541166259337,inject,3,,2,0.6664577126502991,5,random_raw,,0.665754497051239,all
-0.0690974801241806,inject,4,,2,0.6664577126502991,5,random_same_norm,,0.6669182181358337,all
-0.16377336992416947,inject,4,,2,0.6664577126502991,5,random_raw,,0.667549192905426,all
1.4591498935052738,inject,,,2,0.6664577126502991,5,all_tc_features,,0.6567330956459045,all
-0.4370330654606125,inject,,,2,0.6664577126502991,5,mlp_swap_ceiling,,0.6693703532218933,all
98.06864812515175,inject,,,2,0.6664577126502991,5,full_token_swap_ceiling,,0.012871643528342247,all
-0.1232772024374551,inject,,,2,0.6664577126502991,5,occ_features,6,0.6672793030738831,bowl
0.10877084562133099,inject,,,2,0.6664577126502991,5,color_features,6,0.6657328009605408,bowl
0.0,inject,0,,2,0.6664577126502991,5,random_same_norm,,0.6664577126502991,bowl
0.0,inject,0,,2,0.6664577126502991,5,random_raw,,0.6664577126502991,bowl
-0.0054018739315209174,inject,1,,2,0.6664577126502991,5,random_same_norm,,0.6664937138557434,bowl
-0.05937589574740443,inject,1,,2,0.6664577126502991,5,random_raw,,0.6668534278869629,bowl
0.0,inject,2,,2,0.6664577126502991,5,random_same_norm,,0.6664577126502991,bowl
0.0,inject,2,,2,0.6664577126502991,5,random_raw,,0.6664577126502991,bowl
0.0,inject,3,,2,0.6664577126502991,5,random_same_norm,,0.6664577126502991,bowl
0.0,inject,3,,2,0.6664577126502991,5,random_raw,,0.6664577126502991,bowl
0.05912547775058785,inject,4,,2,0.6664577126502991,5,random_same_norm,,0.666063666343689,bowl
-0.008022319398315325,inject,4,,2,0.6664577126502991,5,random_raw,,0.6665111780166626,bowl
0.8079557797591619,inject,,,2,0.6664577126502991,5,all_tc_features,,0.6610730290412903,bowl
0.6639743750841198,inject,,,2,0.6664577126502991,5,mlp_swap_ceiling,,0.6620326042175293,bowl
34.37699356202161,inject,,,2,0.6664577126502991,5,full_token_swap_ceiling,,0.4373495876789093,bowl
-0.022215653718427042,inject,,,2,0.6664577126502991,5,occ_features,6,0.6666057705879211,nonbowl
0.12962708735697603,inject,,,2,0.6664577126502991,5,color_features,6,0.6655938029289246,nonbowl
-0.11292062956873572,inject,0,,2,0.6664577126502991,5,random_same_norm,,0.6672102808952332,nonbowl
0.008863008387660631,inject,0,,2,0.6664577126502991,5,random_raw,,0.6663986444473267,nonbowl
-0.02263599821308304,inject,1,,2,0.6664577126502991,5,random_same_norm,,0.6666085720062256,nonbowl
0.033466576575813534,inject,1,,2,0.6664577126502991,5,random_raw,,0.6662346720695496,nonbowl
-0.030667261111294586,inject,2,,2,0.6664577126502991,5,random_same_norm,,0.6666620969772339,nonbowl
0.10450479617539754,inject,2,,2,0.6664577126502991,5,random_raw,,0.6657612323760986,nonbowl
-0.08913986337015789,inject,3,,2,0.6664577126502991,5,random_same_norm,,0.6670517921447754,nonbowl
0.10551541166259337,inject,3,,2,0.6664577126502991,5,random_raw,,0.665754497051239,nonbowl
-0.00028619199636814585,inject,4,,2,0.6664577126502991,5,random_same_norm,,0.6664596199989319,nonbowl
0.04500369142957927,inject,4,,2,0.6664577126502991,5,random_raw,,0.6661577820777893,nonbowl
0.11256288957326444,inject,,,2,0.6664577126502991,5,all_tc_features,,0.665707528591156,nonbowl
-1.0026289417916834,inject,,,2,0.6664577126502991,5,mlp_swap_ceiling,,0.6731398105621338,nonbowl
2.6139345988683838,inject,,,2,0.6664577126502991,5,full_token_swap_ceiling,,0.6490369439125061,nonbowl
-0.06347201869549846,inject,,318,2,0.6664577126502991,5,single_feature_318,,0.66688072681427,all
-0.07813935850957687,inject,,177,2,0.6664577126502991,5,single_feature_177,,0.6669784784317017,all
-0.05121942385080125,inject,,505,2,0.6664577126502991,5,single_feature_505,,0.6667990684509277,all
0.0609320647276812,inject,,270,2,0.6664577126502991,5,single_feature_270,,0.6660516262054443,all
-0.05230158733706691,inject,,32,2,0.6664577126502991,5,single_feature_32,,0.6668062806129456,all
0.10866352362268739,inject,,124,2,0.6664577126502991,5,single_feature_124,,0.6657335162162781,all
-1.1158447068566613,remove,,,2,0.6664577126502991,5,occ_features,,0.6738943457603455,all
0.1570836320089697,remove,,,2,0.6664577126502991,5,color_features,,0.6654108166694641,all
33.627644537019606,remove,,,2,0.6664577126502991,5,mlp_swap_ceiling,,0.44234368205070496,all
-0.11948515848552166,inject,,,2,0.6664577126502991,0,occ_features,4,0.6672540307044983,all
-0.011796476350478535,inject,,,2,0.6664577126502991,0,color_features,4,0.6665363311767578,all
0.08633160440574272,inject,0,,2,0.6664577126502991,0,random_same_norm,,0.6658823490142822,all
-0.11517439154016262,inject,0,,2,0.6664577126502991,0,random_raw,,0.6672253012657166,all
-0.026526420663786077,inject,1,,2,0.6664577126502991,0,random_same_norm,,0.6666345000267029,all
-0.013764046325537294,inject,1,,2,0.6664577126502991,0,random_raw,,0.6665494441986084,all
0.017958547772378708,inject,2,,2,0.6664577126502991,0,random_same_norm,,0.6663380265235901,all
-0.15846093099149972,inject,2,,2,0.6664577126502991,0,random_raw,,0.6675137877464294,all
0.0,inject,3,,2,0.6664577126502991,0,random_same_norm,,0.6664577126502991,all
-0.12341135493576516,inject,3,,2,0.6664577126502991,0,random_raw,,0.6672801971435547,all
-0.03022008611694993,inject,4,,2,0.6664577126502991,0,random_same_norm,,0.6666591167449951,all
0.10349418068821281,inject,4,,2,0.6664577126502991,0,random_raw,,0.6657679677009583,all
0.3927537975218498,inject,,,2,0.6664577126502991,0,all_tc_features,,0.6638401746749878,all
-0.20308005192595235,inject,,,2,0.6664577126502991,0,mlp_swap_ceiling,,0.6678111553192139,all
99.6388128442968,inject,,,2,0.6664577126502991,0,full_token_swap_ceiling,,0.0024071596562862396,all
0.03236652608975543,inject,,,2,0.6664577126502991,0,occ_features,4,0.6662420034408569,bowl
-0.06380292819130329,inject,,,2,0.6664577126502991,0,color_features,4,0.6668829321861267,bowl
0.0,inject,0,,2,0.6664577126502991,0,random_same_norm,,0.6664577126502991,bowl
-0.043715827445911515,inject,0,,2,0.6664577126502991,0,random_raw,,0.6667490601539612,bowl
0.0,inject,1,,2,0.6664577126502991,0,random_same_norm,,0.6664577126502991,bowl
0.0,inject,1,,2,0.6664577126502991,0,random_raw,,0.6664577126502991,bowl
0.0,inject,2,,2,0.6664577126502991,0,random_same_norm,,0.6664577126502991,bowl
0.0032196599591860497,inject,2,,2,0.6664577126502991,0,random_raw,,0.6664362549781799,bowl
0.0,inject,3,,2,0.6664577126502991,0,random_same_norm,,0.6664577126502991,bowl
0.02255550671410589,inject,3,,2,0.6664577126502991,0,random_raw,,0.6663073897361755,bowl
0.0,inject,4,,2,0.6664577126502991,0,random_same_norm,,0.6664577126502991,bowl
-0.05811486226339202,inject,4,,2,0.6664577126502991,0,random_raw,,0.6668450236320496,bowl
0.19119414057661155,inject,,,2,0.6664577126502991,0,all_tc_features,,0.6651834845542908,bowl
-0.44392850387320326,inject,,,2,0.6664577126502991,0,mlp_swap_ceiling,,0.6694163084030151,bowl
71.04145267479959,inject,,,2,0.6664577126502991,0,full_token_swap_ceiling,,0.19299647212028503,bowl
-0.06156705321964662,inject,,,2,0.6664577126502991,0,occ_features,4,0.6668680310249329,nonbowl
0.09891510874625586,inject,,,2,0.6664577126502991,0,color_features,4,0.6657984852790833,nonbowl
0.08633160440574272,inject,0,,2,0.6664577126502991,0,random_same_norm,,0.6658823490142822,nonbowl
-0.05452851880884957,inject,0,,2,0.6664577126502991,0,random_raw,,0.6668211221694946,nonbowl
-0.026526420663786077,inject,1,,2,0.6664577126502991,0,random_same_norm,,0.6666345000267029,nonbowl
-0.013764046325537294,inject,1,,2,0.6664577126502991,0,random_raw,,0.6665494441986084,nonbowl
0.017958547772378708,inject,2,,2,0.6664577126502991,0,random_same_norm,,0.6663380265235901,nonbowl
-0.10870824112212407,inject,2,,2,0.6664577126502991,0,random_raw,,0.667182207107544,nonbowl
0.0,inject,3,,2,0.6664577126502991,0,random_same_norm,,0.6664577126502991,nonbowl
-0.02697359565810853,inject,3,,2,0.6664577126502991,0,random_raw,,0.6666374802589417,nonbowl
-0.03022008611694993,inject,4,,2,0.6664577126502991,0,random_same_norm,,0.6666591167449951,nonbowl
-0.012601391340272272,inject,4,,2,0.6664577126502991,0,random_raw,,0.6665416955947876,nonbowl
0.20036122796042166,inject,,,2,0.6664577126502991,0,all_tc_features,,0.665122389793396,nonbowl
0.017314615780539278,inject,,,2,0.6664577126502991,0,mlp_swap_ceiling,,0.6663423180580139,nonbowl
3.740252144092304,inject,,,2,0.6664577126502991,0,full_token_swap_ceiling,,0.6415305137634277,nonbowl
-0.009641092877799018,inject,,274,2,0.6664577126502991,0,single_feature_274,,0.6665219664573669,all
-0.05508301580181563,inject,,396,2,0.6664577126502991,0,single_feature_396,,0.6668248176574707,all
0.029468832126477995,inject,,415,2,0.6664577126502991,0,single_feature_415,,0.6662613153457642,all
-0.00914025688414366,inject,,269,2,0.6664577126502991,0,single_feature_269,,0.6665186285972595,all
0.5153960114673506,remove,,,2,0.6664577126502991,0,occ_features,,0.6630228161811829,all
-0.29389234977490464,remove,,,2,0.6664577126502991,0,color_features,,0.6684163808822632,all
13.904960109754628,remove,,,2,0.6664577126502991,0,mlp_swap_ceiling,,0.5737870335578918,all
0.044601233934682405,inject,,,2,0.6664577126502991,4,occ_features,8,0.6661604642868042,all
0.15851459199083262,inject,,,2,0.6664577126502991,4,color_features,8,0.6654012799263,all
0.04603219391654534,inject,0,,2,0.6664577126502991,4,random_same_norm,,0.6661509275436401,all
-0.06105727372609504,inject,0,,2,0.6664577126502991,4,random_raw,,0.6668646335601807,all
-0.08422093843249989,inject,1,,2,0.6664577126502991,4,random_same_norm,,0.6670190095901489,all
0.031901464095651644,inject,1,,2,0.6664577126502991,4,random_raw,,0.6662451028823853,all
0.019282185755598036,inject,2,,2,0.6664577126502991,4,random_same_norm,,0.6663292050361633,all
0.07175369959052658,inject,2,,2,0.6664577126502991,4,random_raw,,0.6659795045852661,all
-0.110139201103987,inject,3,,2,0.6664577126502991,4,random_same_norm,,0.667191743850708,all
-0.08585759891175382,inject,3,,2,0.6664577126502991,4,random_raw,,0.6670299172401428,all
0.1033868586895692,inject,4,,2,0.6664577126502991,4,random_same_norm,,0.6657686829566956,all
0.030229029616846148,inject,4,,2,0.6664577126502991,4,random_raw,,0.6662562489509583,all
0.59506470845756,inject,,,2,0.6664577126502991,4,all_tc_features,,0.6624918580055237,all
1.0889337156977597,inject,,,2,0.6664577126502991,4,mlp_swap_ceiling,,0.6592004299163818,all
98.89881662404343,inject,,,2,0.6664577126502991,4,full_token_swap_ceiling,,0.0073389215394854546,all
-0.10721467664105422,inject,,,2,0.6664577126502991,4,occ_features,8,0.6671722531318665,bowl
0.07527743854586211,inject,,,2,0.6664577126502991,4,color_features,8,0.6659560203552246,bowl
0.0,inject,0,,2,0.6664577126502991,4,random_same_norm,,0.6664577126502991,bowl
0.11514756104050727,inject,0,,2,0.6664577126502991,4,random_raw,,0.6656903028488159,bowl
0.0,inject,1,,2,0.6664577126502991,4,random_same_norm,,0.6664577126502991,bowl
0.11417271955286301,inject,1,,2,0.6664577126502991,4,random_raw,,0.6656967997550964,bowl
0.0,inject,2,,2,0.6664577126502991,4,random_same_norm,,0.6664577126502991,bowl
0.11769645850819854,inject,2,,2,0.6664577126502991,4,random_raw,,0.6656733155250549,bowl
-0.02443364169031348,inject,3,,2,0.6664577126502991,4,random_same_norm,,0.6666205525398254,bowl
-0.12832133637352694,inject,3,,2,0.6664577126502991,4,random_raw,,0.6673129200935364,bowl
0.0,inject,4,,2,0.6664577126502991,4,random_same_norm,,0.6664577126502991,bowl
0.0,inject,4,,2,0.6664577126502991,4,random_raw,,0.6664577126502991,bowl
0.4278123170774806,inject,,,2,0.6664577126502991,4,all_tc_features,,0.6636065244674683,bowl
0.6657451880616838,inject,,,2,0.6664577126502991,4,mlp_swap_ceiling,,0.6620208024978638,bowl
42.88852687588792,inject,,,2,0.6664577126502991,4,full_token_swap_ceiling,,0.38062381744384766,bowl
0.018200022269310168,inject,,,2,0.6664577126502991,4,occ_features,8,0.6663364171981812,nonbowl
0.08311194444655667,inject,,,2,0.6664577126502991,4,color_features,8,0.6659038066864014,nonbowl
0.04603219391654534,inject,0,,2,0.6664577126502991,4,random_same_norm,,0.6661509275436401,nonbowl
-0.027393940152786733,inject,0,,2,0.6664577126502991,4,random_raw,,0.6666402816772461,nonbowl
-0.08422093843249989,inject,1,,2,0.6664577126502991,4,random_same_norm,,0.6670190095901489,nonbowl
0.010884239362041193,inject,1,,2,0.6664577126502991,4,random_raw,,0.6663851737976074,nonbowl
0.019282185755598036,inject,2,,2,0.6664577126502991,4,random_same_norm,,0.6663292050361633,nonbowl
0.13559240178137033,inject,2,,2,0.6664577126502991,4,random_raw,,0.6655540466308594,nonbowl
-0.059116534250702735,inject,3,,2,0.6664577126502991,4,random_same_norm,,0.6668516993522644,nonbowl
0.09953221023842884,inject,3,,2,0.6664577126502991,4,random_raw,,0.6657943725585938,nonbowl
0.1033868586895692,inject,4,,2,0.6664577126502991,4,random_same_norm,,0.6657686829566956,nonbowl
0.030229029616846148,inject,4,,2,0.6664577126502991,4,random_raw,,0.6662562489509583,nonbowl
0.2069794178765405,inject,,,2,0.6664577126502991,4,all_tc_features,,0.6650782823562622,nonbowl
0.5522790049998672,inject,,,2,0.6664577126502991,4,mlp_swap_ceiling,,0.6627770066261292,nonbowl
3.2590292456918024,inject,,,2,0.6664577126502991,4,full_token_swap_ceiling,,0.6447376608848572,nonbowl
-0.10721467664105422,inject,,112,2,0.6664577126502991,4,single_feature_112,,0.6671722531318665,all
0.05016409086416873,inject,,317,2,0.6664577126502991,4,single_feature_317,,0.6661233901977539,all
-0.05382198231780322,inject,,397,2,0.6664577126502991,4,single_feature_397,,0.6668164134025574,all
0.0295761541251216,inject,,59,2,0.6664577126502991,4,single_feature_59,,0.6662606000900269,all
0.19664073200758025,inject,,158,2,0.6664577126502991,4,single_feature_158,,0.6651471853256226,all
0.03663257553567778,inject,,333,2,0.6664577126502991,4,single_feature_333,,0.6662135720252991,all
0.02759069715029261,inject,,359,2,0.6664577126502991,4,single_feature_359,,0.666273832321167,all
0.024415754690532143,inject,,150,2,0.6664577126502991,4,single_feature_150,,0.6662949919700623,all
-0.6647435160743731,remove,,,2,0.6664577126502991,4,occ_features,,0.6708879470825195,all
-0.24472993089805772,remove,,,2,0.6664577126502991,4,color_features,,0.6680887341499329,all
30.275982991251915,remove,,,2,0.6664577126502991,4,mlp_swap_ceiling,,0.46468108892440796,all
-0.15635026501825688,inject,,,2,0.6664577126502991,-1,occ_features_all_top_layers,,0.6674997210502625,all
-0.22769256361399037,inject,,,2,0.6664577126502991,-2,occ_features,72,0.6679751873016357,all
83.04042998558755,inject,,,2,0.6664577126502991,-2,mlp_swap_ceiling,,0.11302836239337921,all
-0.10789438263243412,inject,,,2,0.6664577126502991,-2,occ_features,72,0.6671767830848694,bowl
38.364989596473755,inject,,,2,0.6664577126502991,-2,mlp_swap_ceiling,,0.41077128052711487,bowl
-0.22716489712069077,inject,,,2,0.6664577126502991,-2,occ_features,72,0.667971670627594,nonbowl
20.86163466607878,inject,,,2,0.6664577126502991,-2,mlp_swap_ceiling,,0.5274237394332886,nonbowl
-0.03107866210607657,inject,,,2,0.6664577126502991,-2,color_features,72,0.6666648387908936,all
0.14757669162946963,inject,0,,2,0.6664577126502991,-2,random_same_norm,,0.6654741764068604,all
-0.347776936591937,inject,0,,2,0.6664577126502991,-2,random_raw,,0.6687754988670349,all
-0.007503596404889734,inject,1,,2,0.6664577126502991,-2,random_same_norm,,0.6665077209472656,all
1.1228295802681365,inject,1,,2,0.6664577126502991,-2,random_raw,,0.6589745283126831,all
-0.04246373746177312,inject,2,,2,0.6664577126502991,-2,random_same_norm,,0.6667407155036926,all
-0.0651712836739593,inject,2,,2,0.6664577126502991,-2,random_raw,,0.6668920516967773,all
0.09846793375192231,inject,3,,2,0.6664577126502991,-2,random_same_norm,,0.665801465511322,all
-0.22877472710027824,inject,3,,2,0.6664577126502991,-2,random_raw,,0.6679823994636536,all
-0.18479953815766503,inject,4,,2,0.6664577126502991,-2,random_same_norm,,0.667689323425293,all
0.017511372778045153,inject,4,,2,0.6664577126502991,-2,random_raw,,0.6663410067558289,all
62.669563168163286,inject,,,2,0.6664577126502991,-2,all_tc_features,,0.24879157543182373,all
-0.6897137677578824,remove,,,2,0.6664577126502991,-2,occ_features,,0.6710543632507324,all
0.2932573612829614,remove,,,2,0.6664577126502991,-2,color_features,,0.664503276348114,all
93.51269429194535,remove,,,2,0.6664577126502991,-2,mlp_swap_ceiling,,0.04323514923453331,all
1.1597412336793678,inject,,,3,0.5219448208808899,5,occ_features,6,0.5158916115760803,all
0.040003284311895815,inject,,,3,0.5219448208808899,5,color_features,6,0.5217360258102417,all
-0.14144467013621487,inject,0,,3,0.5219448208808899,5,random_same_norm,,0.5226830840110779,all
-0.07701460159845741,inject,0,,3,0.5219448208808899,5,random_raw,,0.5223467946052551,all
1.5982242789901902,inject,1,,3,0.5219448208808899,5,random_same_norm,,0.5136029720306396,all
0.5855005395247415,inject,1,,3,0.5219448208808899,5,random_raw,,0.5188888311386108,all
0.0,inject,2,,3,0.5219448208808899,5,random_same_norm,,0.5219448208808899,all
0.03966069266777561,inject,2,,3,0.5219448208808899,5,random_raw,,0.521737813949585,all
-0.06268285115271777,inject,3,,3,0.5219448208808899,5,random_same_norm,,0.522271990776062,all
0.010768797346882852,inject,3,,3,0.5219448208808899,5,random_raw,,0.5218886137008667,all
-0.14700607449245062,inject,4,,3,0.5219448208808899,5,random_same_norm,,0.5227121114730835,all
-0.2311009034027478,inject,4,,3,0.5219448208808899,5,random_raw,,0.5231510400772095,all
7.307531157853553,inject,,,3,0.5219448208808899,5,all_tc_features,,0.48380354046821594,all
6.836233542896641,inject,,,3,0.5219448208808899,5,mlp_swap_ceiling,,0.4862634539604187,all
92.5365332591965,inject,,,3,0.5219448208808899,5,full_token_swap_ceiling,,0.03895517811179161,all
1.16835170366828,inject,,,3,0.5219448208808899,5,occ_features,6,0.5158466696739197,bowl
0.049630109511700216,inject,,,3,0.5219448208808899,5,color_features,6,0.521685779094696,bowl
0.0,inject,0,,3,0.5219448208808899,5,random_same_norm,,0.5219448208808899,bowl
0.0,inject,0,,3,0.5219448208808899,5,random_raw,,0.5219448208808899,bowl
1.1178536953247997,inject,1,,3,0.5219448208808899,5,random_same_norm,,0.5161102414131165,bowl
0.1569069730075423,inject,1,,3,0.5219448208808899,5,random_raw,,0.521125853061676,bowl
0.0,inject,2,,3,0.5219448208808899,5,random_same_norm,,0.5219448208808899,bowl
0.0,inject,2,,3,0.5219448208808899,5,random_raw,,0.5219448208808899,bowl
-0.0675133933348393,inject,3,,3,0.5219448208808899,5,random_same_norm,,0.522297203540802,bowl
-0.2946630731087252,inject,3,,3,0.5219448208808899,5,random_raw,,0.5234827995300293,bowl
0.05195973269173093,inject,4,,3,0.5219448208808899,5,random_same_norm,,0.5216736197471619,bowl
-0.14308911002798297,inject,4,,3,0.5219448208808899,5,random_raw,,0.5226916670799255,bowl
2.095450371546348,inject,,,3,0.5219448208808899,5,all_tc_features,,0.5110077261924744,bowl
1.6223084715719205,inject,,,3,0.5219448208808899,5,mlp_swap_ceiling,,0.5134772658348083,bowl
7.646342874168033,inject,,,3,0.5219448208808899,5,full_token_swap_ceiling,,0.4820351302623749,bowl
0.25412306188770106,inject,,,3,0.5219448208808899,5,occ_features,6,0.5206184387207031,nonbowl
-0.10217224799844438,inject,,,3,0.5219448208808899,5,color_features,6,0.5224781036376953,nonbowl
-0.14144467013621487,inject,0,,3,0.5219448208808899,5,random_same_norm,,0.5226830840110779,nonbowl
-0.07701460159845741,inject,0,,3,0.5219448208808899,5,random_raw,,0.5223467946052551,nonbowl
0.5559006214726603,inject,1,,3,0.5219448208808899,5,random_same_norm,,0.5190433263778687,nonbowl
0.26920851395050294,inject,1,,3,0.5219448208808899,5,random_raw,,0.5205397009849548,nonbowl
0.0,inject,2,,3,0.5219448208808899,5,random_same_norm,,0.5219448208808899,nonbowl
0.03966069266777561,inject,2,,3,0.5219448208808899,5,random_raw,,0.521737813949585,nonbowl
0.03537829711626195,inject,3,,3,0.5219448208808899,5,random_same_norm,,0.5217601656913757,nonbowl
0.03864433745688345,inject,3,,3,0.5219448208808899,5,random_raw,,0.52174311876297,nonbowl
-0.04317796688075859,inject,4,,3,0.5219448208808899,5,random_same_norm,,0.5221701860427856,nonbowl
-0.4183386566364966,inject,4,,3,0.5219448208808899,5,random_raw,,0.5241283178329468,nonbowl
4.2530240278933595,inject,,,3,0.5219448208808899,5,all_tc_features,,0.4997463822364807,nonbowl
4.391231206992618,inject,,,3,0.5219448208808899,5,mlp_swap_ceiling,,0.49902501702308655,nonbowl
32.49425216869075,inject,,,3,0.5219448208808899,5,full_token_swap_ceiling,,0.35234275460243225,nonbowl
-0.08812599058947157,inject,,318,3,0.5219448208808899,5,single_feature_318,,0.5224047899246216,all
0.05121745079612605,inject,,177,3,0.5219448208808899,5,single_feature_177,,0.5216774940490723,all
-0.06735351723423655,inject,,505,3,0.5219448208808899,5,single_feature_505,,0.5222963690757751,all
-0.15302426770751332,inject,,270,3,0.5219448208808899,5,single_feature_270,,0.5227435231208801,all
-0.2733652925658303,inject,,32,3,0.5219448208808899,5,single_feature_32,,0.5233716368675232,all
1.2417919324464122,inject,,124,3,0.5219448208808899,5,single_feature_124,,0.5154633522033691,all
1.2841705188242125,remove,,,3,0.5219448208808899,5,occ_features,,0.5152421593666077,all
0.23626261750751,remove,,,3,0.5219448208808899,5,color_features,,0.5207116603851318,all
8.051862893453654,remove,,,3,0.5219448208808899,5,mlp_swap_ceiling,,0.47991853952407837,all
0.3994732767668818,inject,,,3,0.5219448208808899,0,occ_features,4,0.519859790802002,all
-0.12201972391452376,inject,,,3,0.5219448208808899,0,color_features,4,0.5225816965103149,all
0.005869736835939499,inject,0,,3,0.5219448208808899,0,random_same_norm,,0.5219141840934753,all
-0.33954257848860525,inject,0,,3,0.5219448208808899,0,random_raw,,0.5237170457839966,all
0.065868953443049,inject,1,,3,0.5219448208808899,0,random_same_norm,,0.5216010212898254,all
-0.06391618107155494,inject,1,,3,0.5219448208808899,0,random_raw,,0.5222784280776978,all
-0.003974063071798817,inject,2,,3,0.5219448208808899,0,random_same_norm,,0.5219655632972717,all
0.08825160752564676,inject,2,,3,0.5219448208808899,0,random_raw,,0.5214841961860657,all
0.18565041194932297,inject,3,,3,0.5219448208808899,0,random_same_norm,,0.5209758281707764,all
-0.009238554669810384,inject,3,,3,0.5219448208808899,0,random_raw,,0.5219930410385132,all
-0.03010238579679303,inject,4,,3,0.5219448208808899,0,random_same_norm,,0.5221019387245178,all
-0.051388746618186154,inject,4,,3,0.5219448208808899,0,random_raw,,0.5222130417823792,all
1.9516532387871766,inject,,,3,0.5219448208808899,0,all_tc_features,,0.5117582678794861,all
2.785372844199252,inject,,,3,0.5219448208808899,0,mlp_swap_ceiling,,0.5074067115783691,all
96.31016130527873,inject,,,3,0.5219448208808899,0,full_token_swap_ceiling,,0.019258921965956688,all
0.24749962343468823,inject,,,3,0.5219448208808899,0,occ_features,4,0.5206530094146729,bowl
0.09584572230366684,inject,,,3,0.5219448208808899,0,color_features,4,0.52144455909729,bowl
0.06364210775626766,inject,0,,3,0.5219448208808899,0,random_same_norm,,0.5216126441955566,bowl
0.11780584669184302,inject,0,,3,0.5219448208808899,0,random_raw,,0.521329939365387,bowl
0.0,inject,1,,3,0.5219448208808899,0,random_same_norm,,0.5219448208808899,bowl
0.0,inject,1,,3,0.5219448208808899,0,random_raw,,0.5219448208808899,bowl
-0.134193147002315,inject,2,,3,0.5219448208808899,0,random_same_norm,,0.5226452350616455,bowl
0.08568217019473412,inject,2,,3,0.5219448208808899,0,random_raw,,0.5214976072311401,bowl
0.28801679521276435,inject,3,,3,0.5219448208808899,0,random_same_norm,,0.5204415321350098,bowl
-0.02664221019117452,inject,3,,3,0.5219448208808899,0,random_raw,,0.5220838785171509,bowl
-0.029303005293845885,inject,4,,3,0.5219448208808899,0,random_same_norm,,0.5220977663993835,bowl
-0.027167517378812178,inject,4,,3,0.5219448208808899,0,random_raw,,0.5220866203308105,bowl
1.2338894851886772,inject,,,3,0.5219448208808899,0,all_tc_features,,0.5155045986175537,bowl
1.3311740923976467,inject,,,3,0.5219448208808899,0,mlp_swap_ceiling,,0.5149968266487122,bowl
7.4140486098715925,inject,,,3,0.5219448208808899,0,full_token_swap_ceiling,,0.4832475781440735,bowl
0.21303490403608016,inject,,,3,0.5219448208808899,0,occ_features,4,0.520832896232605,nonbowl
-0.017894703544607538,inject,,,3,0.5219448208808899,0,color_features,4,0.5220382213592529,nonbowl
-0.18172202776340907,inject,0,,3,0.5219448208808899,0,random_same_norm,,0.5228933095932007,nonbowl
-0.22067469769999626,inject,0,,3,0.5219448208808899,0,random_raw,,0.5230966210365295,nonbowl
0.065868953443049,inject,1,,3,0.5219448208808899,0,random_same_norm,,0.5216010212898254,nonbowl
-0.06391618107155494,inject,1,,3,0.5219448208808899,0,random_raw,,0.5222784280776978,nonbowl
0.0417505016969133,inject,2,,3,0.5219448208808899,0,random_same_norm,,0.5217269062995911,nonbowl
-0.031175839615027456,inject,2,,3,0.5219448208808899,0,random_raw,,0.5221075415611267,nonbowl
-0.014834218190440396,inject,3,,3,0.5219448208808899,0,random_same_norm,,0.5220222473144531,nonbowl
-0.08817166947534538,inject,3,,3,0.5219448208808899,0,random_raw,,0.5224050283432007,nonbowl
0.11271265091590266,inject,4,,3,0.5219448208808899,0,random_same_norm,,0.5213565230369568,nonbowl
-0.09481794737129512,inject,4,,3,0.5219448208808899,0,random_raw,,0.52243971824646,nonbowl
1.2039469754924759,inject,,,3,0.5219448208808899,0,all_tc_features,,0.5156608819961548,nonbowl
1.4832162640586732,inject,,,3,0.5219448208808899,0,mlp_swap_ceiling,,0.5142032504081726,nonbowl
31.033224423449667,inject,,,3,0.5219448208808899,0,full_token_swap_ceiling,,0.35996851325035095,nonbowl
0.01623884393134878,inject,,274,3,0.5219448208808899,0,single_feature_274,,0.5218600630760193,all
0.201363948693023,inject,,396,3,0.5219448208808899,0,single_feature_396,,0.5208938121795654,all
-0.0909923406786195,inject,,415,3,0.5219448208808899,0,single_feature_415,,0.5224197506904602,all
0.2893072237389549,inject,,269,3,0.5219448208808899,0,single_feature_269,,0.5204347968101501,all
0.17416217214979435,remove,,,3,0.5219448208808899,0,occ_features,,0.5210357904434204,all
0.09421270213335609,remove,,,3,0.5219448208808899,0,color_features,,0.5214530825614929,all
3.550517022179722,remove,,,3,0.5219448208808899,0,mlp_swap_ceiling,,0.5034130811691284,all
1.5478062086970112,inject,,,3,0.5219448208808899,4,occ_features,8,0.513866126537323,all
-0.07678620716904394,inject,,,3,0.5219448208808899,4,color_features,8,0.5223456025123596,all
-0.03006812663237657,inject,0,,3,0.5219448208808899,4,random_same_norm,,0.5221017599105835,all
0.12501169093985798,inject,0,,3,0.5219448208808899,4,random_raw,,0.5212923288345337,all
0.1503977317692473,inject,1,,3,0.5219448208808899,4,random_same_norm,,0.521159827709198,all
0.0632880963906679,inject,1,,3,0.5219448208808899,4,random_raw,,0.5216144919395447,all
0.0381647091551085,inject,2,,3,0.5219448208808899,4,random_same_norm,,0.5217456221580505,all
-0.1030972454375556,inject,2,,3,0.5219448208808899,4,random_raw,,0.5224829316139221,all
-0.2530838672338609,inject,3,,3,0.5219448208808899,4,random_same_norm,,0.5232657790184021,all
0.030764729642096533,inject,3,,3,0.5219448208808899,4,random_raw,,0.521784245967865,all
-0.24651752738820143,inject,4,,3,0.5219448208808899,4,random_same_norm,,0.5232315063476562,all
-0.07576985195816288,inject,4,,3,0.5219448208808899,4,random_raw,,0.5223402976989746,all
4.303110926263887,inject,,,3,0.5219448208808899,4,all_tc_features,,0.49948495626449585,all
6.93335827400503,inject,,,3,0.5219448208808899,4,mlp_swap_ceiling,,0.485756516456604,all
93.76210062236339,inject,,,3,0.5219448208808899,4,full_token_swap_ceiling,,0.032558392733335495,all
1.009571896339534,inject,,,3,0.5219448208808899,4,occ_features,8,0.5166754126548767,bowl
-0.11673239287359749,inject,,,3,0.5219448208808899,4,color_features,8,0.5225540995597839,bowl
0.0,inject,0,,3,0.5219448208808899,4,random_same_norm,,0.5219448208808899,bowl
-0.016638534182833453,inject,0,,3,0.5219448208808899,4,random_raw,,0.5220316648483276,bowl
0.19370131558617,inject,1,,3,0.5219448208808899,4,random_same_norm,,0.5209338068962097,bowl
-0.025488818322627615,inject,1,,3,0.5219448208808899,4,random_raw,,0.5220778584480286,bowl
0.0,inject,2,,3,0.5219448208808899,4,random_same_norm,,0.5219448208808899,bowl
-0.06018193215064915,inject,2,,3,0.5219448208808899,4,random_raw,,0.5222589373588562,bowl
-0.11231296066442908,inject,3,,3,0.5219448208808899,4,random_same_norm,,0.5225310325622559,bowl
0.20233462501803023,inject,3,,3,0.5219448208808899,4,random_raw,,0.5208887457847595,bowl
-0.11696078730301096,inject,4,,3,0.5219448208808899,4,random_same_norm,,0.5225552916526794,bowl
-0.011853670886585732,inject,4,,3,0.5219448208808899,4,random_raw,,0.5220066905021667,bowl
1.97803279538451,inject,,,3,0.5219448208808899,4,all_tc_features,,0.5116205811500549,bowl
2.2672372416302267,inject,,,3,0.5219448208808899,4,mlp_swap_ceiling,,0.5101110935211182,bowl
9.350799112139496,inject,,,3,0.5219448208808899,4,full_token_swap_ceiling,,0.47313880920410156,bowl
0.7065381673927895,inject,,,3,0.5219448208808899,4,occ_features,8,0.5182570815086365,nonbowl
-0.020772473355212817,inject,,,3,0.5219448208808899,4,color_features,8,0.5220532417297363,nonbowl
-0.03006812663237657,inject,0,,3,0.5219448208808899,4,random_same_norm,,0.5221017599105835,nonbowl
0.08439174166854357,inject,0,,3,0.5219448208808899,4,random_raw,,0.5215043425559998,nonbowl
-0.046695241093730466,inject,1,,3,0.5219448208808899,4,random_same_norm,,0.5221885442733765,nonbowl
-0.10112163362312465,inject,1,,3,0.5219448208808899,4,random_raw,,0.522472620010376,nonbowl
0.0381647091551085,inject,2,,3,0.5219448208808899,4,random_same_norm,,0.5217456221580505,nonbowl
-0.07050536036015131,inject,2,,3,0.5219448208808899,4,random_raw,,0.5223128199577332,nonbowl
-0.1396175147008849,inject,3,,3,0.5219448208808899,4,random_same_norm,,0.5226735472679138,nonbowl
-0.07160165362134485,inject,3,,3,0.5219448208808899,4,random_raw,,0.5223185420036316,nonbowl
-0.11049722495057868,inject,4,,3,0.5219448208808899,4,random_same_norm,,0.5225215554237366,nonbowl
-0.15642734470577846,inject,4,,3,0.5219448208808899,4,random_raw,,0.5227612853050232,nonbowl
2.262566575548708,inject,,,3,0.5219448208808899,4,all_tc_features,,0.5101354718208313,nonbowl
4.29150848924964,inject,,,3,0.5219448208808899,4,mlp_swap_ceiling,,0.49954551458358765,nonbowl
31.34646167353049,inject,,,3,0.5219448208808899,4,full_token_swap_ceiling,,0.3583335876464844,nonbowl
-0.18421152704402033,inject,,112,3,0.5219448208808899,4,single_feature_112,,0.5229063034057617,all
-0.001221910197357623,inject,,317,3,0.5219448208808899,4,single_feature_317,,0.5219511985778809,all
0.2243746874564967,inject,,397,3,0.5219448208808899,4,single_feature_397,,0.520773708820343,all
1.2684798215234605,inject,,59,3,0.5219448208808899,4,single_feature_59,,0.515324056148529,all
-0.025363201386441325,inject,,158,3,0.5219448208808899,4,single_feature_158,,0.522077202796936,all
-0.024221229239373976,inject,,333,3,0.5219448208808899,4,single_feature_333,,0.5220712423324585,all
-0.01595335089457084,inject,,359,3,0.5219448208808899,4,single_feature_359,,0.5220280885696411,all
-0.005664181849462935,inject,,150,3,0.5219448208808899,4,single_feature_150,,0.5219743847846985,all
1.5163905549310908,remove,,,3,0.5219448208808899,4,occ_features,,0.5140300989151001,all
-0.013041321919549098,remove,,,3,0.5219448208808899,4,color_features,,0.5220128893852234,all
9.90089851510504,remove,,,3,0.5219448208808899,4,mlp_swap_ceiling,,0.4702675938606262,all
2.9948219556935385,inject,,,3,0.5219448208808899,-1,occ_features_all_top_layers,,0.5063135027885437,all
5.818428027376732,inject,,,3,0.5219448208808899,-2,occ_features,72,0.49157583713531494,all
72.27636502500177,inject,,,3,0.5219448208808899,-2,mlp_swap_ceiling,,0.14470207691192627,all
4.044271519408782,inject,,,3,0.5219448208808899,-2,occ_features,72,0.5008359551429749,bowl
8.969106341702505,inject,,,3,0.5219448208808899,-2,mlp_swap_ceiling,,0.4751310348510742,bowl
2.15715112665259,inject,,,3,0.5219448208808899,-2,occ_features,72,0.5106856822967529,nonbowl
31.19616100939375,inject,,,3,0.5219448208808899,-2,mlp_swap_ceiling,,0.3591180741786957,nonbowl
-0.09824386381251937,inject,,,3,0.5219448208808899,-2,color_features,72,0.5224575996398926,all
0.5561975342308956,inject,0,,3,0.5219448208808899,-2,random_same_norm,,0.5190417766571045,all
0.2665134596834151,inject,0,,3,0.5219448208808899,-2,random_raw,,0.5205537676811218,all
1.625311858318712,inject,1,,3,0.5219448208808899,-2,random_same_norm,,0.5134615898132324,all
-0.03660020731361957,inject,1,,3,0.5219448208808899,-2,random_raw,,0.522135853767395,all
0.022656727397885046,inject,2,,3,0.5219448208808899,-2,random_same_norm,,0.5218265652656555,all
0.058754466966803864,inject,2,,3,0.5219448208808899,-2,random_raw,,0.5216381549835205,all
0.10294878905844351,inject,3,,3,0.5219448208808899,-2,random_same_norm,,0.5214074850082397,all
0.37999123193785955,inject,3,,3,0.5219448208808899,-2,random_raw,,0.5199614763259888,all
-0.0782707709602315,inject,4,,3,0.5219448208808899,-2,random_same_norm,,0.5223533511161804,all
0.9002052238145541,inject,4,,3,0.5219448208808899,-2,random_raw,,0.5172462463378906,all
49.645537555409916,inject,,,3,0.5219448208808899,-2,all_tc_features,,0.2628225088119507,all
23.065878888600732,remove,,,3,0.5219448208808899,-2,occ_features,,0.4015536606311798,all
0.011853670886596834,remove,,,3,0.5219448208808899,-2,color_features,,0.521882951259613,all
93.9599951169271,remove,,,3,0.5219448208808899,-2,mlp_swap_ceiling,,0.031525492668151855,all
